{
  "project_info": {
    "project_id": "openshop-bf-1216",
    "project_number": "325761325996",
    "name": "OpenShop"
  },
  "client": [
    {
      "client_info": {
        "mobilesdk_app_id": "1:325761325996:android:88c2d391918f6b36",
        "client_id": "android:bf.io.openshop",
        "client_type": 1,
        "android_client_info": {
          "package_name": "bf.io.openshop"
        }
      },
      "oauth_client": [],
      "api_key": [{ "current_key": "" }],
      "services": {
        "analytics_service": {
          "status": 2,
          "analytics_property":{
            "tracking_id":"UA-73690730-2"
          }
        },
        "cloud_messaging_service": {
          "status": 2,
          "apns_config": []
        },
        "appinvite_service": {
          "status": 1,
          "other_platform_oauth_client": []
        },
        "google_signin_service": {
          "status": 1
        },
        "ads_service": {
          "status": 1
        }
      }
    }
  ],
  "client_info": [],
  "ARTIFACT_VERSION": "1"
}